epoch,step,train_loss_epoch,train_loss_step,val_f1,val_loss,val_precision,val_recall
0,44,,,0.0,0.0044738599099218845,0.0,0.0
0,44,0.06874542683362961,,,,,
1,49,,0.0012782970443367958,,,,
1,89,,,0.0,0.0005466408911161125,0.0,0.0
1,89,0.0009056039270944893,,,,,
2,99,,0.0002546152682043612,,,,
2,134,,,0.0,0.00023457076167687774,0.0,0.0
2,134,0.0003867069026455283,,,,,
3,149,,0.00024390718317590654,,,,
3,179,,,0.0,0.00022640479437541217,0.0,0.0
3,179,0.00022634811466559768,,,,,
4,199,,0.00018092435493599623,,,,
4,224,,,0.0,0.00023841290385462344,0.0,0.0
4,224,0.0001803209015633911,,,,,
5,249,,0.00017356965690851212,,,,
5,269,,,0.0,0.00013891399430576712,0.0,0.0
5,269,0.00014579136040993035,,,,,
6,299,,0.00011912819172721356,,,,
6,314,,,0.0,0.00012928868818562478,0.0,0.0
6,314,0.00011030957830371335,,,,,
7,349,,0.0001048662161338143,,,,
7,359,,,0.0,0.000101768622698728,0.0,0.0
7,359,8.818455535219982e-05,,,,,
8,399,,5.6316952395718545e-05,,,,
8,404,,,0.0,0.00011630570952547714,0.0,0.0
8,404,8.27040639705956e-05,,,,,
9,449,,0.0001266362814931199,,,,
9,449,,,0.0,0.0001672327780397609,0.0,0.0
9,449,0.00018178259779233485,,,,,
10,494,,,0.0,6.85345075908117e-05,0.0,0.0
10,494,9.52544214669615e-05,,,,,
11,499,,7.143878610804677e-05,,,,
11,539,,,0.0,6.637922342633829e-05,0.0,0.0
11,539,5.705326111637987e-05,,,,,
12,549,,6.106068758526817e-05,,,,
12,584,,,0.0,6.38259734841995e-05,0.0,0.0
12,584,4.7895260649966076e-05,,,,,
13,599,,3.532227856339887e-05,,,,
13,629,,,0.0,4.991821333533153e-05,0.0,0.0
13,629,3.765941073652357e-05,,,,,
14,649,,3.0814961064606905e-05,,,,
14,674,,,0.0,4.992224057787098e-05,0.0,0.0
14,674,3.1327017495641485e-05,,,,,
15,699,,2.4355425921385176e-05,,,,
15,719,,,0.0,4.337293648859486e-05,0.0,0.0
15,719,2.7568645236897282e-05,,,,,
16,749,,2.161387055821251e-05,,,,
16,764,,,0.0,3.5178491089027375e-05,0.0,0.0
16,764,2.3382643121294677e-05,,,,,
17,799,,2.9868600904592313e-05,,,,
17,809,,,0.0,4.0738257666816935e-05,0.0,0.0
17,809,2.1751675376435742e-05,,,,,
18,849,,1.708397212496493e-05,,,,
18,854,,,0.0,3.4001910535153e-05,0.0,0.0
18,854,2.0309891624492593e-05,,,,,
19,899,,1.3604632840724662e-05,,,,
19,899,,,0.0,2.8948426916031167e-05,0.0,0.0
19,899,1.7868362192530185e-05,,,,,
20,944,,,0.0,2.7788159059127793e-05,0.0,0.0
20,944,1.688160227786284e-05,,,,,
21,949,,1.2956444152223412e-05,,,,
21,989,,,0.0,3.238974750274792e-05,0.0,0.0
21,989,1.7471404134994373e-05,,,,,
22,999,,1.7583150111022405e-05,,,,
22,1034,,,0.0,2.4862152713467367e-05,0.0,0.0
22,1034,1.5046634871396236e-05,,,,,
23,1049,,1.0631887562340125e-05,,,,
23,1079,,,0.0,2.397005846432876e-05,0.0,0.0
23,1079,1.3225304428488016e-05,,,,,
24,1099,,8.664973393024411e-06,,,,
24,1124,,,0.0,2.200531707785558e-05,0.0,0.0
24,1124,1.2242507182236295e-05,,,,,
25,1149,,8.903394700610079e-06,,,,
25,1169,,,0.0,2.091262285830453e-05,0.0,0.0
25,1169,1.2005048120045103e-05,,,,,
26,1199,,1.0855403161258437e-05,,,,
26,1214,,,0.0,1.8500781152397394e-05,0.0,0.0
26,1214,1.0514988389331847e-05,,,,,
27,1249,,1.0050765013147611e-05,,,,
27,1259,,,0.0,1.8065677068079822e-05,0.0,0.0
27,1259,9.772767043614294e-06,,,,,
28,1299,,8.068931492744014e-06,,,,
28,1304,,,0.0,1.6833926565595903e-05,0.0,0.0
28,1304,8.85519966686843e-06,,,,,
29,1349,,8.530863851774484e-06,,,,
29,1349,,,0.0,1.7664160623098724e-05,0.0,0.0
29,1349,8.589631761424243e-06,,,,,
30,1394,,,0.0,1.672057987889275e-05,0.0,0.0
30,1394,8.072734090092126e-06,,,,,
31,1399,,7.6144528975419234e-06,,,,
31,1439,,,0.0,1.4048487173567992e-05,0.0,0.0
31,1439,7.669244041608181e-06,,,,,
32,1449,,5.267543656373164e-06,,,,
32,1484,,,0.0,1.3855794350092765e-05,0.0,0.0
32,1484,7.2174134402303025e-06,,,,,
33,1499,,6.280802608671365e-06,,,,
33,1529,,,0.0,1.3069015039945953e-05,0.0,0.0
33,1529,7.0799787863506936e-06,,,,,
34,1549,,9.782544111658353e-06,,,,
34,1574,,,0.0,1.3212094017944764e-05,0.0,0.0
34,1574,6.502497399196727e-06,,,,,
35,1599,,7.227028618217446e-06,,,,
35,1619,,,0.0,1.2745094863930717e-05,0.0,0.0
35,1619,6.244712494662963e-06,,,,,
36,1649,,4.746001650346443e-06,,,,
36,1664,,,0.0,1.067101038643159e-05,0.0,0.0
36,1664,5.461418368213344e-06,,,,,
37,1699,,5.5357604651362635e-06,,,,
37,1709,,,0.0,1.0279642083332874e-05,0.0,0.0
37,1709,5.455292011902202e-06,,,,,
38,1749,,6.452167326642666e-06,,,,
38,1754,,,0.0,1.0722621482273098e-05,0.0,0.0
38,1754,5.084420536149992e-06,,,,,
39,1799,,6.414894869521959e-06,,,,
39,1799,,,0.0,1.0434478099341504e-05,0.0,0.0
39,1799,4.937723588227527e-06,,,,,
40,1844,,,0.0,9.613969268684741e-06,0.0,0.0
40,1844,4.647986315831076e-06,,,,,
41,1849,,4.559739863907453e-06,,,,
41,1889,,,0.0,8.58092971611768e-06,0.0,0.0
41,1889,4.531920239969622e-06,,,,,
42,1899,,3.755083298528916e-06,,,,
42,1934,,,0.0,8.729916771699209e-06,0.0,0.0
42,1934,4.09532322009909e-06,,,,,
43,1949,,3.9413471313309856e-06,,,,
43,1979,,,0.0,8.189522304746788e-06,0.0,0.0
43,1979,3.9691603888059035e-06,,,,,
44,1999,,4.522486051428132e-06,,,,
44,2024,,,0.0,7.750456461508293e-06,0.0,0.0
44,2024,3.948297944589285e-06,,,,,
45,2049,,3.568820147847873e-06,,,,
45,2069,,,0.0,8.990097740024794e-06,0.0,0.0
45,2069,3.679245764942607e-06,,,,,
46,2099,,4.0977993194246665e-06,,,,
46,2114,,,0.0,7.710684258199763e-06,0.0,0.0
46,2114,3.4045751817757264e-06,,,,,
47,2149,,2.697105628612917e-06,,,,
47,2159,,,0.0,6.7133723860024475e-06,0.0,0.0
47,2159,3.3239423373743193e-06,,,,,
48,2199,,4.157411240157671e-06,,,,
48,2204,,,0.0,7.3908436206693295e-06,0.0,0.0
48,2204,3.016815981027321e-06,,,,,
49,2249,,2.0936104192514904e-06,,,,
49,2249,,,0.0,7.3986943789350335e-06,0.0,0.0
49,2249,2.901248080888763e-06,,,,,
50,2294,,,0.0,6.6318802964815404e-06,0.0,0.0
50,2294,2.90422963189485e-06,,,,,
51,2299,,2.0042039068357553e-06,,,,
51,2339,,,0.0,6.1530604398285504e-06,0.0,0.0
51,2339,2.7398209567763843e-06,,,,,
52,2349,,3.0472810976789333e-06,,,,
52,2384,,,0.0,7.656944944756106e-06,0.0,0.0
52,2384,2.7078638140665134e-06,,,,,
53,2399,,1.8030383444056497e-06,,,,
53,2429,,,0.0,5.853086804563645e-06,0.0,0.0
53,2429,2.433022928016726e-06,,,,,
54,2449,,2.9057171104796e-06,,,,
54,2474,,,0.0,5.012695510231424e-06,0.0,0.0
54,2474,2.2591780179936904e-06,,,,,
55,2499,,1.966951003851136e-06,,,,
55,2519,,,0.0,6.435176146624144e-06,0.0,0.0
55,2519,2.1856656076124636e-06,,,,,
56,2549,,2.026554284384474e-06,,,,
56,2564,,,0.0,5.417974080046406e-06,0.0,0.0
56,2564,2.146591896234895e-06,,,,,
57,2599,,1.8477419416740304e-06,,,,
57,2609,,,0.0,5.16963746122201e-06,0.0,0.0
57,2609,2.098742697853595e-06,,,,,
58,2649,,2.838665750459768e-06,,,,
58,2654,,,0.0,5.682205483026337e-06,0.0,0.0
58,2654,2.041124616880552e-06,,,,,
59,2699,,1.601873236722895e-06,,,,
59,2699,,,0.0,4.9908207984117325e-06,0.0,0.0
59,2699,1.9447638806013856e-06,,,,,
60,2744,,,0.0,4.68484631710453e-06,0.0,0.0
60,2744,1.8684378346733865e-06,,,,,
61,2749,,1.3634551123686833e-06,,,,
61,2789,,,0.0,4.698747488873778e-06,0.0,0.0
61,2789,1.7515467334305868e-06,,,,,
62,2799,,1.4081585959502263e-06,,,,
62,2834,,,0.0,4.251736299920594e-06,0.0,0.0
62,2834,1.7738984752213582e-06,,,,,
63,2849,,1.4230596434572362e-06,,,,
63,2879,,,0.0,4.4881453504785895e-06,0.0,0.0
63,2879,1.67637870163162e-06,,,,,
64,2899,,2.1457640286826063e-06,,,,
64,2924,,,0.0,4.466289283300284e-06,0.0,0.0
64,2924,1.6699215166227077e-06,,,,,
65,2949,,1.2740483725792728e-06,,,,
65,2969,,,0.0,3.617965603552875e-06,0.0,0.0
65,2969,1.5333281453422387e-06,,,,,
66,2999,,1.1250367606407963e-06,,,,
66,3014,,,0.0,3.751060376089299e-06,0.0,0.0
66,3014,1.462464865653601e-06,,,,,
67,3049,,1.4901145277690375e-06,,,,
67,3059,,,0.0,3.9398055378114805e-06,0.0,0.0
67,3059,1.3970654890727019e-06,,,,,
68,3099,,8.195634677576891e-07,,,,
68,3104,,,0.0,4.120592166145798e-06,0.0,0.0
68,3104,1.4187547776600695e-06,,,,,
69,3149,,2.138311629096279e-06,,,,
69,3149,,,0.0,3.500737648209906e-06,0.0,0.0
69,3149,1.3841511190548772e-06,,,,,
70,3194,,,0.0,4.345054549048655e-06,0.0,0.0
70,3194,1.328354414908972e-06,,,,,
71,3199,,1.184641405416187e-06,,,,
71,3239,,,0.0,3.2086818464449607e-06,0.0,0.0
71,3239,1.2409348073560977e-06,,,,,
72,3249,,1.4752126844541635e-06,,,,
72,3284,,,0.0,3.441120952629717e-06,0.0,0.0
72,3284,1.217258386532194e-06,,,,,
73,3299,,8.642668944958132e-07,,,,
73,3329,,,0.0,3.3119811178039527e-06,0.0,0.0
73,3329,1.186462782243325e-06,,,,,
74,3349,,1.2516948117990978e-06,,,,
74,3374,,,0.0,2.330530605831882e-06,0.0,0.0
74,3374,1.1591439488256583e-06,,,,,
75,3399,,9.611243285689852e-07,,,,
75,3419,,,0.0,2.4914593268476892e-06,0.0,0.0
75,3419,1.139772507485759e-06,,,,,
76,3449,,9.015197406370135e-07,,,,
76,3464,,,0.0,2.7537055302673252e-06,0.0,0.0
76,3464,1.0159275234400411e-06,,,,,
77,3499,,8.866186362865847e-07,,,,
77,3509,,,0.0,2.807355940603884e-06,0.0,0.0
77,3509,1.045398789756291e-06,,,,,
78,3549,,1.1697402442223392e-06,,,,
78,3554,,,0.0,2.3980792320799083e-06,0.0,0.0
78,3554,1.0477162959432462e-06,,,,,
79,3599,,9.387725867782137e-07,,,,
79,3599,,,0.0,2.1616453977912897e-06,0.0,0.0
79,3599,9.899329143081559e-07,,,,,
80,3644,,,0.0,2.3384679934679298e-06,0.0,0.0
80,3644,9.642695886213914e-07,,,,,
81,3649,,7.525082423853746e-07,,,,
81,3689,,,0.0,1.933164867296e-06,0.0,0.0
81,3689,9.400972089679271e-07,,,,,
82,3699,,7.525082992287935e-07,,,,
82,3734,,,0.0,1.8457486703482573e-06,0.0,0.0
82,3734,8.607901804680296e-07,,,,,
83,3749,,7.078048724906694e-07,,,,
83,3779,,,0.0,1.8596551853988785e-06,0.0,0.0
83,3779,8.690684580869856e-07,,,,,
84,3799,,8.717172477190616e-07,,,,
84,3824,,,0.0,1.825881440709054e-06,0.0,0.0
84,3824,8.515182798873866e-07,,,,,
85,3849,,9.164207881440234e-07,,,,
85,3869,,,0.0,1.561635826874408e-06,0.0,0.0
85,3869,8.023444024729542e-07,,,,,
86,3899,,6.854531306998979e-07,,,,
86,3914,,,0.0,1.728524580357771e-06,0.0,0.0
86,3914,8.099605111056007e-07,,,,,
87,3949,,5.587933173956117e-07,,,,
87,3959,,,0.0,1.6530304947082186e-06,0.0,0.0
87,3959,7.631048788425687e-07,,,,,
88,3999,,7.525082992287935e-07,,,,
88,4004,,,0.0,1.5914363302726997e-06,0.0,0.0
88,4004,7.323090471800242e-07,,,,,
89,4049,,7.748599273327272e-07,,,,
89,4049,,,0.0,1.5099765278137056e-06,0.0,0.0
89,4049,7.114475124581077e-07,,,,,
90,4094,,,0.0,1.3629561408379232e-06,0.0,0.0
90,4094,7.160834343267197e-07,,,,,
91,4099,,6.482002277152787e-07,,,,
91,4139,,,0.0,1.3331517720871489e-06,0.0,0.0
91,4139,7.006854616520286e-07,,,,,
92,4149,,8.642667239655566e-07,,,,
92,4184,,,0.0,1.4324915582619724e-06,0.0,0.0
92,4184,6.612802394556638e-07,,,,,
93,4199,,5.066393100605637e-07,,,,
93,4229,,,0.0,1.345071950709098e-06,0.0,0.0
93,4229,6.48862510388426e-07,,,,,
94,4249,,5.066393669039826e-07,,,,
94,4274,,,0.0,1.1940768445128924e-06,0.0,0.0
94,4274,6.258485427679261e-07,,,,,
95,4299,,8.419150958616228e-07,,,,
95,4319,,,0.0,1.1225516800550395e-06,0.0,0.0
95,4319,6.056492907191569e-07,,,,,
96,4349,,6.3329912336485e-07,,,,
96,4364,,,0.0,1.0927500397883705e-06,0.0,0.0
96,4364,7.616035304636171e-07,,,,,
97,4399,,5.215404712544114e-07,,,,
97,4409,,,0.0,9.437384278498939e-07,0.0,0.0
97,4409,6.013445386088279e-07,,,,,
98,4449,,4.768370445162873e-07,,,,
98,4454,,,0.0,9.238708003067586e-07,0.0,0.0
98,4454,5.539919811781147e-07,,,,,
99,4499,,7.525082992287935e-07,,,,
99,4499,,,0.0,1.0569868891252554e-06,0.0,0.0
99,4499,5.543230940929789e-07,,,,,
